dataset,feature,missing_count,dtype
diabetes,Pregnancies,0,float64
diabetes,Glucose,5,float64
diabetes,BloodPressure,35,float64
diabetes,SkinThickness,227,float64
diabetes,Insulin,374,float64
diabetes,BMI,11,float64
diabetes,DiabetesPedigreeFunction,0,float64
diabetes,Age,0,float64
heart,age,0,int64
heart,sex,0,object
heart,cp,0,object
heart,trestbps,0,int64
heart,chol,0,int64
heart,fbs,0,object
heart,restecg,0,object
heart,thalach,0,int64
heart,exang,0,object
heart,oldpeak,0,float64
heart,slope,0,object
heart,ca,4,object
heart,thal,2,object
liver,age,0,int64
liver,gender,0,object
liver,total_bilirubin,0,float64
liver,direct_bilirubin,0,float64
liver,alkphos,0,int64
liver,sgpt,0,int64
liver,sgot,0,int64
liver,total_proteins,0,float64
liver,albumin,0,float64
liver,ag_ratio,4,float64
kidney,age,9,float64
kidney,bp,12,float64
kidney,sg,47,object
kidney,al,46,object
kidney,su,49,object
kidney,rbc,152,object
kidney,pc,65,object
kidney,pcc,4,object
kidney,ba,4,object
kidney,bgr,44,float64
kidney,bu,19,float64
kidney,sc,17,float64
kidney,sod,87,float64
kidney,pot,88,float64
kidney,hemo,52,float64
kidney,pcv,71,float64
kidney,wc,106,float64
kidney,rc,131,float64
kidney,htn,2,object
kidney,dm,2,object
kidney,cad,2,object
kidney,appet,1,object
kidney,pe,1,object
kidney,ane,1,object
