age,gender,total_bilirubin,direct_bilirubin,alkphos,sgpt,sgot,total_proteins,albumin,ag_ratio
19,Male,1.4,0.8,178,13,26,8.0,4.6,1.3
12,Male,1.0,0.2,719,157,108,7.2,3.7,1.0
60,Male,5.7,2.8,214,412,850,7.3,3.2,0.78
42,Female,0.5,0.1,162,155,108,8.1,4.0,0.9
40,Male,14.5,6.4,358,50,75,5.7,2.1,0.5
33,Male,0.7,0.2,256,21,30,8.5,3.9,0.8
24,Female,0.7,0.2,188,11,10,5.5,2.3,0.71
60,Male,0.7,0.2,171,31,26,7.0,3.5,1.0
18,Female,0.8,0.2,199,34,31,6.5,3.5,1.16
67,Male,2.2,1.1,198,42,39,7.2,3.0,0.7
42,Male,0.8,0.2,198,29,19,6.6,3.0,0.8
19,Female,0.7,0.2,186,166,397,5.5,3.0,1.2
50,Male,0.7,0.2,192,18,15,7.4,4.2,1.3
64,Male,1.1,0.4,201,18,19,6.9,4.1,1.4
55,Female,10.9,5.1,1350,48,57,6.4,2.3,0.5
65,Male,4.9,2.7,190,33,71,7.1,2.9,0.7
74,Female,0.9,0.3,234,16,19,7.9,4.0,1.0
63,Male,0.5,0.1,170,21,28,5.5,2.5,0.8
90,Male,1.1,0.3,215,46,134,6.9,3.0,0.7
75,Male,2.9,1.3,218,33,37,3.0,1.5,1.0
