age,sex,cp,trestbps,chol,fbs,restecg,thalach,exang,oldpeak,slope,ca,thal
53,1,3,130,246,1,2,173,0,0.0,1,3.0,3.0
54,1,4,110,206,0,2,108,1,0.0,2,1.0,3.0
56,1,4,125,249,1,2,144,1,1.2,2,1.0,3.0
58,1,4,100,234,0,0,156,0,0.1,1,1.0,7.0
51,0,4,130,305,0,0,142,1,1.2,2,0.0,7.0
53,1,4,140,203,1,2,155,1,3.1,3,0.0,7.0
65,1,4,135,254,0,2,127,0,2.8,2,1.0,7.0
53,1,4,123,282,0,0,95,1,2.0,2,2.0,7.0
40,1,4,152,223,0,0,181,0,0.0,1,0.0,7.0
59,1,4,135,234,0,0,161,0,0.5,2,0.0,7.0
56,1,2,120,236,0,0,178,0,0.8,1,0.0,3.0
34,1,1,118,182,0,2,174,0,0.0,1,0.0,3.0
58,1,3,112,230,0,2,165,0,2.5,2,1.0,7.0
57,1,4,152,274,0,0,88,1,1.2,2,1.0,7.0
63,1,4,130,330,1,2,132,1,1.8,1,3.0,7.0
51,1,3,110,175,0,0,123,0,0.6,1,0.0,3.0
45,0,2,130,234,0,2,175,0,0.6,2,0.0,3.0
43,1,4,132,247,1,2,143,1,0.1,2,,7.0
58,1,4,114,318,0,1,140,0,4.4,3,3.0,6.0
58,0,4,130,197,0,0,131,0,0.6,2,0.0,3.0
