Pregnancies,Glucose,BloodPressure,SkinThickness,Insulin,BMI,DiabetesPedigreeFunction,Age
6.0,98.0,58.0,33.0,190.0,34.0,0.43,43.0
2.0,112.0,75.0,32.0,,35.7,0.148,21.0
2.0,108.0,64.0,,,30.8,0.158,21.0
8.0,107.0,80.0,,,24.6,0.856,34.0
7.0,136.0,90.0,,,29.9,0.21,50.0
6.0,103.0,72.0,32.0,190.0,37.7,0.324,55.0
1.0,71.0,48.0,18.0,76.0,20.4,0.323,22.0
0.0,117.0,,,,33.8,0.932,44.0
4.0,154.0,72.0,29.0,126.0,31.3,0.338,37.0
5.0,147.0,78.0,,,33.7,0.218,65.0
10.0,111.0,70.0,27.0,,27.5,0.141,40.0
7.0,179.0,95.0,31.0,,34.2,0.164,60.0
4.0,148.0,60.0,27.0,318.0,30.9,0.15,29.0
5.0,96.0,74.0,18.0,67.0,33.6,0.997,43.0
2.0,88.0,58.0,26.0,16.0,28.4,0.766,22.0
1.0,125.0,50.0,40.0,167.0,33.3,0.962,28.0
3.0,84.0,72.0,32.0,,37.2,0.267,28.0
5.0,86.0,68.0,28.0,71.0,30.2,0.364,24.0
4.0,183.0,,,,28.4,0.212,36.0
0.0,140.0,65.0,26.0,130.0,42.6,0.431,24.0
