age,bp,sg,al,su,rbc,pc,pcc,ba,bgr,bu,sc,sod,pot,hemo,pcv,wc,rc,htn,dm,cad,appet,pe,ane
19.0,70.0,1.020,0,0,,normal,notpresent,notpresent,,,,,,11.5,,6900.0,,no,no,no,good,no,no
47.0,80.0,,,,,,notpresent,notpresent,93.0,33.0,0.9,144.0,4.5,13.3,52.0,8100.0,5.2,no,no,no,good,no,no
60.0,100.0,1.020,2,0,abnormal,abnormal,notpresent,notpresent,140.0,55.0,2.5,,,10.1,29.0,,,yes,no,no,poor,no,no
59.0,100.0,1.015,4,2,normal,normal,notpresent,notpresent,255.0,132.0,12.8,135.0,5.7,7.3,20.0,9800.0,3.9,yes,yes,yes,good,no,yes
73.0,100.0,1.010,3,2,abnormal,abnormal,present,notpresent,295.0,90.0,5.6,140.0,2.9,9.2,30.0,7000.0,3.2,yes,yes,yes,poor,no,no
59.0,70.0,1.010,3,0,normal,abnormal,notpresent,notpresent,76.0,186.0,15.0,135.0,7.6,7.1,22.0,3800.0,2.1,yes,no,no,poor,yes,yes
33.0,60.0,1.025,0,0,normal,normal,notpresent,notpresent,80.0,25.0,0.9,146.0,3.5,14.1,48.0,7800.0,5.1,no,no,no,good,no,no
65.0,70.0,1.010,0,0,,normal,notpresent,notpresent,93.0,66.0,1.6,137.0,4.5,11.6,36.0,11900.0,3.9,no,yes,no,good,no,no
55.0,80.0,1.020,0,0,normal,normal,notpresent,notpresent,133.0,17.0,1.2,135.0,4.8,13.2,41.0,6800.0,5.3,no,no,no,good,no,no
70.0,90.0,1.015,0,0,,normal,notpresent,notpresent,144.0,125.0,4.0,136.0,4.6,12.0,37.0,8200.0,4.5,yes,yes,no,poor,yes,no
53.0,90.0,1.020,2,0,abnormal,abnormal,present,notpresent,70.0,107.0,7.2,114.0,3.7,9.5,29.0,12100.0,3.7,yes,yes,no,poor,no,yes
29.0,80.0,1.020,0,0,normal,normal,notpresent,notpresent,70.0,16.0,0.7,138.0,3.5,13.7,54.0,5400.0,5.8,no,no,no,good,no,no
76.0,70.0,1.015,3,4,normal,abnormal,present,notpresent,,164.0,9.7,131.0,4.4,10.2,30.0,11300.0,3.4,yes,yes,yes,poor,yes,no
64.0,90.0,1.010,3,3,,abnormal,present,notpresent,,35.0,1.3,,,10.3,,,,yes,yes,no,good,yes,no
50.0,,,,,normal,,notpresent,notpresent,219.0,176.0,13.8,136.0,4.5,8.6,24.0,13200.0,2.7,yes,no,no,good,yes,yes
47.0,100.0,1.010,0,0,,normal,notpresent,notpresent,204.0,29.0,1.0,139.0,4.2,9.7,33.0,9200.0,4.5,yes,no,no,good,no,yes
48.0,60.0,1.020,0,0,normal,normal,notpresent,notpresent,112.0,44.0,1.2,142.0,4.9,14.5,44.0,9400.0,6.4,no,no,no,good,no,no
58.0,70.0,1.025,0,0,normal,normal,notpresent,notpresent,88.0,16.0,1.1,147.0,3.5,16.4,53.0,9100.0,5.2,no,no,no,good,no,no
60.0,90.0,,,,,,notpresent,notpresent,269.0,51.0,2.8,138.0,3.7,11.5,35.0,,,yes,yes,yes,good,yes,no
63.0,70.0,1.020,0,0,normal,normal,notpresent,notpresent,113.0,25.0,0.6,146.0,4.9,16.5,52.0,8000.0,5.1,no,no,no,good,no,no
