feature,mean_absolute_shap
hemo,0.07051440404628302
al,0.049027495571759
dm,0.047102718431486855
sc,0.045515118248202806
sg,0.0441084550592444
htn,0.039289740003718494
pcv,0.03297327776170082
rc,0.021316795993467124
bgr,0.020220490507771364
sod,0.01513331795740915
bu,0.00978704010662527
appet,0.009048272660963032
bp,0.007313674031463596
su,0.007253139509657521
pc,0.005504430704970188
rbc,0.0047355821135284595
age,0.004159709928669947
ane,0.0031402207315801424
wc,0.002370619071665112
pot,0.002158015536131533
pe,0.002072961190389305
ba,0.001030823180482393
pcc,0.0009724603585408016
cad,0.0
